,B3LYP,HF
0,1.5633063888021297,1.486256761056252
1,1.6686198927043225,1.575792221627215
2,-8.396610431622264,-9.882902431863213
3,1.1097642334163198,1.2090003517174628
4,3.31030244101614,4.35546685504725
5,1.543540345622672,1.8301761645807646
